{"cameraMode":{"drawMode":0,"name":"Shaded","section":"Shading Mode"},"sceneLighting":false,"audioPlay":false,"sceneViewState":{"m_AlwaysRefresh":false,"showFog":true,"showSkybox":true,"showFlares":true,"showImageEffects":true,"showParticleSystems":true,"showVisualEffectGraphs":true,"m_FxEnabled":false},"in2DMode":false,"pivot":{"x":-0.26497793197631838,"y":0.6502935290336609,"z":-0.1073431745171547},"rotation":{"x":-0.7197020053863525,"y":0.005619320087134838,"z":-0.00581948459148407,"w":-0.6942467093467712},"size":2.8175766468048097,"orthographic":false}