{"cameraMode":{"drawMode":0,"name":"Shaded","section":"Shading Mode"},"sceneLighting":false,"audioPlay":false,"sceneViewState":{"m_AlwaysRefresh":false,"showFog":true,"showSkybox":true,"showFlares":true,"showImageEffects":true,"showParticleSystems":true,"showVisualEffectGraphs":true,"m_FxEnabled":false},"in2DMode":false,"pivot":{"x":0.07859638333320618,"y":0.703754723072052,"z":-0.22826474905014039},"rotation":{"x":-0.6822963953018189,"y":0.0004368074587546289,"z":-0.0003946978831663728,"w":-0.7310812473297119},"size":2.692462682723999,"orthographic":false}