{"cameraMode":{"drawMode":0,"name":"Shaded","section":"Shading Mode"},"sceneLighting":false,"audioPlay":false,"sceneViewState":{"m_AlwaysRefresh":false,"showFog":true,"showSkybox":true,"showFlares":true,"showImageEffects":true,"showParticleSystems":true,"showVisualEffectGraphs":true,"m_FxEnabled":false},"in2DMode":false,"pivot":{"x":-0.26497793197631838,"y":0.6502935290336609,"z":-0.1073431745171547},"rotation":{"x":-0.014810070395469666,"y":-0.8037086129188538,"z":0.02001182734966278,"w":-0.5945149064064026},"size":2.8175766468048097,"orthographic":false}